page,pipeline,model_combo,final_axis1,final_axis2,final_combined,axis2_match,axis2_similarity,axis2_fraction,config,row_count_score,type_count_score,header_text_score,amount_match_score,amount_similarity_score,fraction_match_score,structurer_model,extractor_model,corrector_model,supervisor_model,extractor_models
1700_7,v1,gemini-flash->gemini-pro->gpt-5-mini,0.4935,0.7557,0.6246,0.7037,0.9654,0.5714,corrector_gemini-flash_gemini-pro_gpt-5-mini,0.85,0.6306,0.0,0.7037,0.9654,0.5714,gemini-flash,gemini-pro,gpt-5-mini,,
1704_1,v1,gemini-flash->gemini-pro->gpt-5-mini,0.7137,0.8038,0.7588,0.8889,0.9758,0.3333,corrector_gemini-flash_gemini-pro_gpt-5-mini,1.0,0.641,0.5,0.8889,0.9758,0.3333,gemini-flash,gemini-pro,gpt-5-mini,,
1709_1,v1,gemini-flash->gemini-pro->gpt-5-mini,0.5375,0.8645,0.701,0.9167,0.9836,0.5556,corrector_gemini-flash_gemini-pro_gpt-5-mini,0.9459,0.6667,0.0,0.9167,0.9836,0.5556,gemini-flash,gemini-pro,gpt-5-mini,,
1713_7,v1,gemini-flash->gemini-pro->gpt-5-mini,1.0,0.96,0.98,1.0,1.0,0.8,corrector_gemini-flash_gemini-pro_gpt-5-mini,1.0,1.0,1.0,1.0,1.0,0.8,gemini-flash,gemini-pro,gpt-5-mini,,
1719_2,v1,gemini-flash->gemini-pro->gpt-5-mini,0.8077,0.6959,0.7518,0.8,0.9863,0.0,corrector_gemini-flash_gemini-pro_gpt-5-mini,0.9722,0.451,1.0,0.8,0.9863,0.0,gemini-flash,gemini-pro,gpt-5-mini,,
1725_3,v1,gemini-flash->gemini-pro->gpt-5-mini,0.8308,1.0,0.9154,1.0,1.0,1.0,corrector_gemini-flash_gemini-pro_gpt-5-mini,0.9167,0.5758,1.0,1.0,1.0,1.0,gemini-flash,gemini-pro,gpt-5-mini,,
1731_1,v1,gemini-flash->gemini-pro->gpt-5-mini,0.7639,0.9757,0.8698,0.9545,0.9948,1.0,corrector_gemini-flash_gemini-pro_gpt-5-mini,0.9583,0.8333,0.5,0.9545,0.9948,1.0,gemini-flash,gemini-pro,gpt-5-mini,,
1744_5,v1,gemini-flash->gemini-pro->gpt-5-mini,0.816,0.8259,0.8209,0.8529,0.9981,0.5,corrector_gemini-flash_gemini-pro_gpt-5-mini,0.7941,0.6538,1.0,0.8529,0.9981,0.5,gemini-flash,gemini-pro,gpt-5-mini,,
1753_4,v1,gemini-flash->gemini-pro->gpt-5-mini,0.6812,0.7498,0.7155,0.6944,0.942,0.6,corrector_gemini-flash_gemini-pro_gpt-5-mini,0.6842,0.3593,1.0,0.6944,0.942,0.6,gemini-flash,gemini-pro,gpt-5-mini,,
1759-1760_3,v1,gemini-flash->gemini-pro->gpt-5-mini,1.0,0.662,0.831,0.7407,0.9721,0.0,corrector_gemini-flash_gemini-pro_gpt-5-mini,1.0,1.0,1.0,0.7407,0.9721,0.0,gemini-flash,gemini-pro,gpt-5-mini,,
1767_7,v1,gemini-flash->gemini-pro->gpt-5-mini,0.5441,0.8512,0.6976,0.8276,0.9818,0.7143,corrector_gemini-flash_gemini-pro_gpt-5-mini,1.0,0.6322,0.0,0.8276,0.9818,0.7143,gemini-flash,gemini-pro,gpt-5-mini,,
1774-1775_5,v1,gemini-flash->gemini-pro->gpt-5-mini,0.6616,0.9348,0.7982,0.95,0.9994,0.8,corrector_gemini-flash_gemini-pro_gpt-5-mini,0.8182,0.6667,0.5,0.95,0.9994,0.8,gemini-flash,gemini-pro,gpt-5-mini,,
1783-1784_2,v1,gemini-flash->gemini-pro->gpt-5-mini,0.6596,0.8464,0.753,0.7237,0.9486,1.0,corrector_gemini-flash_gemini-pro_gpt-5-mini,0.8182,0.7606,0.4,0.7237,0.9486,1.0,gemini-flash,gemini-pro,gpt-5-mini,,
1788-1789_3,v1,gemini-flash->gemini-pro->gpt-5-mini,0.8399,0.9799,0.9099,0.96,0.9997,1.0,corrector_gemini-flash_gemini-pro_gpt-5-mini,0.9643,0.8889,0.6667,0.96,0.9997,1.0,gemini-flash,gemini-pro,gpt-5-mini,,
1795-1796_1,v1,gemini-flash->gemini-pro->gpt-5-mini,0.705,0.9214,0.8132,0.88,0.938,1.0,corrector_gemini-flash_gemini-pro_gpt-5-mini,0.963,0.6522,0.5,0.88,0.938,1.0,gemini-flash,gemini-pro,gpt-5-mini,,
1801_1,v1,gemini-flash->gemini-pro->gpt-5-mini,1.0,0.954,0.977,0.9444,1.0,0.9091,corrector_gemini-flash_gemini-pro_gpt-5-mini,1.0,1.0,1.0,0.9444,1.0,0.9091,gemini-flash,gemini-pro,gpt-5-mini,,
1807_4,v1,gemini-flash->gemini-pro->gpt-5-mini,0.676,0.6441,0.6601,0.4444,0.7395,1.0,corrector_gemini-flash_gemini-pro_gpt-5-mini,0.9091,0.619,0.5,0.4444,0.7395,1.0,gemini-flash,gemini-pro,gpt-5-mini,,
1814_2,v1,gemini-flash->gemini-pro->gpt-5-mini,0.801,0.9271,0.864,0.8696,0.9744,1.0,corrector_gemini-flash_gemini-pro_gpt-5-mini,1.0,0.903,0.5,0.8696,0.9744,1.0,gemini-flash,gemini-pro,gpt-5-mini,,
1819_5,v1,gemini-flash->gemini-pro->gpt-5-mini,0.7278,0.8221,0.775,0.7778,0.9106,0.8,corrector_gemini-flash_gemini-pro_gpt-5-mini,0.9167,0.7667,0.5,0.7778,0.9106,0.8,gemini-flash,gemini-pro,gpt-5-mini,,
1825_10,v1,gemini-flash->gemini-pro->gpt-5-mini,1.0,0.8593,0.9296,0.7692,0.9896,0.8889,corrector_gemini-flash_gemini-pro_gpt-5-mini,1.0,1.0,1.0,0.7692,0.9896,0.8889,gemini-flash,gemini-pro,gpt-5-mini,,
1831_10,v1,gemini-flash->gemini-pro->gpt-5-mini,0.7292,0.9406,0.8349,0.9167,0.9963,0.9167,corrector_gemini-flash_gemini-pro_gpt-5-mini,0.9655,0.8889,0.3333,0.9167,0.9963,0.9167,gemini-flash,gemini-pro,gpt-5-mini,,
1838_9,v1,gemini-flash->gemini-pro->gpt-5-mini,0.8322,0.8463,0.8393,0.875,0.9183,0.6667,corrector_gemini-flash_gemini-pro_gpt-5-mini,0.8966,0.8,0.8,0.875,0.9183,0.6667,gemini-flash,gemini-pro,gpt-5-mini,,
1844_7,v1,gemini-flash->gemini-pro->gpt-5-mini,0.8622,0.9679,0.915,0.9474,0.9809,1.0,corrector_gemini-flash_gemini-pro_gpt-5-mini,0.92,0.8667,0.8,0.9474,0.9809,1.0,gemini-flash,gemini-pro,gpt-5-mini,,
1850_4,v1,gemini-flash->gemini-pro->gpt-5-mini,0.4444,0.9686,0.7065,0.9394,0.9964,1.0,corrector_gemini-flash_gemini-pro_gpt-5-mini,1.0,0.3333,0.0,0.9394,0.9964,1.0,gemini-flash,gemini-pro,gpt-5-mini,,
1855_7,v1,gemini-flash->gemini-pro->gpt-5-mini,0.9874,0.9853,0.9864,0.9706,1.0,1.0,corrector_gemini-flash_gemini-pro_gpt-5-mini,0.9722,0.9899,1.0,0.9706,1.0,1.0,gemini-flash,gemini-pro,gpt-5-mini,,
1860_1,v1,gemini-flash->gemini-pro->gpt-5-mini,0.7991,0.8444,0.8217,0.7619,0.878,1.0,corrector_gemini-flash_gemini-pro_gpt-5-mini,0.875,0.8556,0.6667,0.7619,0.878,1.0,gemini-flash,gemini-pro,gpt-5-mini,,
1865_3,v1,gemini-flash->gemini-pro->gpt-5-mini,0.7863,0.9031,0.8447,0.8438,0.9374,1.0,corrector_gemini-flash_gemini-pro_gpt-5-mini,0.7353,0.6237,1.0,0.8438,0.9374,1.0,gemini-flash,gemini-pro,gpt-5-mini,,
1869_8,v1,gemini-flash->gemini-pro->gpt-5-mini,0.8758,0.6514,0.7636,0.4857,0.9173,0.6667,corrector_gemini-flash_gemini-pro_gpt-5-mini,1.0,0.6275,1.0,0.4857,0.9173,0.6667,gemini-flash,gemini-pro,gpt-5-mini,,
1873_5,v1,gemini-flash->gemini-pro->gpt-5-mini,0.544,0.7959,0.67,0.8143,0.9627,0.5,corrector_gemini-flash_gemini-pro_gpt-5-mini,0.975,0.4569,0.2,0.8143,0.9627,0.5,gemini-flash,gemini-pro,gpt-5-mini,,
1881_1,v1,gemini-flash->gemini-pro->gpt-5-mini,0.6289,0.6526,0.6407,0.75,0.9253,0.0,corrector_gemini-flash_gemini-pro_gpt-5-mini,0.9655,0.7212,0.2,0.75,0.9253,0.0,gemini-flash,gemini-pro,gpt-5-mini,,
1889_4,v1,gemini-flash->gemini-pro->gpt-5-mini,0.8707,0.9898,0.9303,0.9796,1.0,1.0,corrector_gemini-flash_gemini-pro_gpt-5-mini,0.9138,0.8413,0.8571,0.9796,1.0,1.0,gemini-flash,gemini-pro,gpt-5-mini,,
1895_2,v1,gemini-flash->gemini-pro->gpt-5-mini,0.7877,0.8775,0.8326,0.8167,0.8974,1.0,corrector_gemini-flash_gemini-pro_gpt-5-mini,0.9167,0.7799,0.6667,0.8167,0.8974,1.0,gemini-flash,gemini-pro,gpt-5-mini,,
1900_6,v1,gemini-flash->gemini-pro->gpt-5-mini,0.5222,0.876,0.6991,0.7647,0.9789,1.0,corrector_gemini-flash_gemini-pro_gpt-5-mini,0.7,0.5333,0.3333,0.7647,0.9789,1.0,gemini-flash,gemini-pro,gpt-5-mini,,
1700_7,v2_no_gpt,gemini-flash|claude-haiku->gemini-flash,0.5132,0.7087,0.6109,0.7778,0.9708,0.1429,supervisor_gemini-flash_[claude-haiku_gemini-flash],0.9,0.6396,0.0,0.7778,0.9708,0.1429,,,,gemini-flash,gemini-flash|claude-haiku
1700_7,v2_full,gemini-flash|gpt-5-mini|claude-haiku->gemini-flash,0.6213,0.7032,0.6623,0.7778,0.9525,0.1429,supervisor_gemini-flash_[claude-haiku_gemini-flash_gpt-5-mini],0.9,0.964,0.0,0.7778,0.9525,0.1429,,,,gemini-flash,gemini-flash|gpt-5-mini|claude-haiku
1700_7,v2_no_gemini,gpt-5-mini|claude-haiku->gemini-flash,0.5,0.5301,0.5151,0.5185,0.9029,0.0,supervisor_gemini-flash_[claude-haiku_gpt-5-mini],1.0,0.5,0.0,0.5185,0.9029,0.0,,,,gemini-flash,gpt-5-mini|claude-haiku
1700_7,v2_no_claude,gemini-flash|gpt-5-mini->gemini-flash,0.6213,0.7087,0.665,0.7778,0.9708,0.1429,supervisor_gemini-flash_[gemini-flash_gpt-5-mini],0.9,0.964,0.0,0.7778,0.9708,0.1429,,,,gemini-flash,gemini-flash|gpt-5-mini
1704_1,v2_no_gpt,gemini-flash|claude-haiku->gemini-flash,0.7065,0.9438,0.8252,0.8889,0.9977,1.0,supervisor_gemini-flash_[claude-haiku_gemini-flash],0.9655,0.6538,0.5,0.8889,0.9977,1.0,,,,gemini-flash,gemini-flash|claude-haiku
1704_1,v2_full,gemini-flash|gpt-5-mini|claude-haiku->gemini-flash,0.7137,0.9333,0.8235,1.0,1.0,0.6667,supervisor_gemini-flash_[claude-haiku_gemini-flash_gpt-5-mini],1.0,0.641,0.5,1.0,1.0,0.6667,,,,gemini-flash,gemini-flash|gpt-5-mini|claude-haiku
1704_1,v2_no_gemini,gpt-5-mini|claude-haiku->gemini-flash,0.5838,0.9333,0.7586,1.0,1.0,0.6667,supervisor_gemini-flash_[claude-haiku_gpt-5-mini],0.931,0.8205,0.0,1.0,1.0,0.6667,,,,gemini-flash,gpt-5-mini|claude-haiku
1704_1,v2_no_claude,gemini-flash|gpt-5-mini->gemini-flash,0.8333,0.9721,0.9027,0.9444,0.9995,1.0,supervisor_gemini-flash_[gemini-flash_gpt-5-mini],1.0,1.0,0.5,0.9444,0.9995,1.0,,,,gemini-flash,gemini-flash|gpt-5-mini
1709_1,v2_no_gpt,gemini-flash|claude-haiku->gemini-flash,0.8382,0.8034,0.8208,0.875,0.9975,0.3333,supervisor_gemini-flash_[claude-haiku_gemini-flash],0.9459,0.5686,1.0,0.875,0.9975,0.3333,,,,gemini-flash,gemini-flash|claude-haiku
1709_1,v2_full,gemini-flash|gpt-5-mini|claude-haiku->gemini-flash,0.8349,0.8244,0.8296,0.9167,0.9979,0.3333,supervisor_gemini-flash_[claude-haiku_gemini-flash_gpt-5-mini],0.9459,0.5588,1.0,0.9167,0.9979,0.3333,,,,gemini-flash,gemini-flash|gpt-5-mini|claude-haiku
1709_1,v2_no_gemini,gpt-5-mini|claude-haiku->gemini-flash,0.8889,0.739,0.8139,0.7917,0.9958,0.2222,supervisor_gemini-flash_[claude-haiku_gpt-5-mini],1.0,0.6667,1.0,0.7917,0.9958,0.2222,,,,gemini-flash,gpt-5-mini|claude-haiku
1709_1,v2_no_claude,gemini-flash|gpt-5-mini->gemini-flash,0.8709,0.8244,0.8477,0.9167,0.9979,0.3333,supervisor_gemini-flash_[gemini-flash_gpt-5-mini],0.9459,0.6667,1.0,0.9167,0.9979,0.3333,,,,gemini-flash,gemini-flash|gpt-5-mini
1713_7,v2_no_gpt,gemini-flash|claude-haiku->gemini-flash,0.8853,0.96,0.9226,1.0,1.0,0.8,supervisor_gemini-flash_[claude-haiku_gemini-flash],1.0,0.6559,1.0,1.0,1.0,0.8,,,,gemini-flash,gemini-flash|claude-haiku
1713_7,v2_full,gemini-flash|gpt-5-mini|claude-haiku->gemini-flash,0.8853,0.9432,0.9143,0.9667,0.9996,0.8,supervisor_gemini-flash_[claude-haiku_gemini-flash_gpt-5-mini],1.0,0.6559,1.0,0.9667,0.9996,0.8,,,,gemini-flash,gemini-flash|gpt-5-mini|claude-haiku
1713_7,v2_no_gemini,gpt-5-mini|claude-haiku->gemini-flash,0.8853,0.9029,0.8941,0.9667,0.9986,0.6,supervisor_gemini-flash_[claude-haiku_gpt-5-mini],1.0,0.6559,1.0,0.9667,0.9986,0.6,,,,gemini-flash,gpt-5-mini|claude-haiku
1713_7,v2_no_claude,gemini-flash|gpt-5-mini->gemini-flash,0.8853,0.96,0.9226,1.0,1.0,0.8,supervisor_gemini-flash_[gemini-flash_gpt-5-mini],1.0,0.6559,1.0,1.0,1.0,0.8,,,,gemini-flash,gemini-flash|gpt-5-mini
1719_2,v2_no_gpt,gemini-flash|claude-haiku->gemini-flash,0.8731,0.8491,0.8611,0.9,0.9971,0.5,supervisor_gemini-flash_[claude-haiku_gemini-flash],0.9722,0.6471,1.0,0.9,0.9971,0.5,,,,gemini-flash,gemini-flash|claude-haiku
1719_2,v2_full,gemini-flash|gpt-5-mini|claude-haiku->gemini-flash,0.8731,0.8491,0.8611,0.9,0.9971,0.5,supervisor_gemini-flash_[claude-haiku_gemini-flash_gpt-5-mini],0.9722,0.6471,1.0,0.9,0.9971,0.5,,,,gemini-flash,gemini-flash|gpt-5-mini|claude-haiku
1719_2,v2_no_gemini,gpt-5-mini|claude-haiku->gemini-flash,0.9875,0.7791,0.8833,0.8,0.9305,0.5,supervisor_gemini-flash_[claude-haiku_gpt-5-mini],0.9722,0.9902,1.0,0.8,0.9305,0.5,,,,gemini-flash,gpt-5-mini|claude-haiku
1719_2,v2_no_claude,gemini-flash|gpt-5-mini->gemini-flash,0.8731,0.8491,0.8611,0.9,0.9971,0.5,supervisor_gemini-flash_[gemini-flash_gpt-5-mini],0.9722,0.6471,1.0,0.9,0.9971,0.5,,,,gemini-flash,gemini-flash|gpt-5-mini
1725_3,v2_no_gpt,gemini-flash|claude-haiku->gemini-flash,0.8308,0.8,0.8154,1.0,1.0,0.0,supervisor_gemini-flash_[claude-haiku_gemini-flash],0.9167,0.5758,1.0,1.0,1.0,0.0,,,,gemini-flash,gemini-flash|claude-haiku
1725_3,v2_full,gemini-flash|gpt-5-mini|claude-haiku->gemini-flash,0.8308,0.8,0.8154,1.0,1.0,0.0,supervisor_gemini-flash_[claude-haiku_gemini-flash_gpt-5-mini],0.9167,0.5758,1.0,1.0,1.0,0.0,,,,gemini-flash,gemini-flash|gpt-5-mini|claude-haiku
1725_3,v2_no_gemini,gpt-5-mini|claude-haiku->gemini-flash,0.8611,0.8,0.8306,1.0,1.0,0.0,supervisor_gemini-flash_[claude-haiku_gpt-5-mini],0.9167,0.6667,1.0,1.0,1.0,0.0,,,,gemini-flash,gpt-5-mini|claude-haiku
1725_3,v2_no_claude,gemini-flash|gpt-5-mini->gemini-flash,0.8308,0.8,0.8154,1.0,1.0,0.0,supervisor_gemini-flash_[gemini-flash_gpt-5-mini],0.9167,0.5758,1.0,1.0,1.0,0.0,,,,gemini-flash,gemini-flash|gpt-5-mini
1731_1,v2_no_gpt,gemini-flash|claude-haiku->gemini-flash,1.0,1.0,1.0,1.0,1.0,1.0,supervisor_gemini-flash_[claude-haiku_gemini-flash],1.0,1.0,1.0,1.0,1.0,1.0,,,,gemini-flash,gemini-flash|claude-haiku
1731_1,v2_full,gemini-flash|gpt-5-mini|claude-haiku->gemini-flash,1.0,1.0,1.0,1.0,1.0,1.0,supervisor_gemini-flash_[claude-haiku_gemini-flash_gpt-5-mini],1.0,1.0,1.0,1.0,1.0,1.0,,,,gemini-flash,gemini-flash|gpt-5-mini|claude-haiku
1731_1,v2_no_gemini,gpt-5-mini|claude-haiku->gemini-flash,1.0,1.0,1.0,1.0,1.0,1.0,supervisor_gemini-flash_[claude-haiku_gpt-5-mini],1.0,1.0,1.0,1.0,1.0,1.0,,,,gemini-flash,gpt-5-mini|claude-haiku
1731_1,v2_no_claude,gemini-flash|gpt-5-mini->gemini-flash,1.0,1.0,1.0,1.0,1.0,1.0,supervisor_gemini-flash_[gemini-flash_gpt-5-mini],1.0,1.0,1.0,1.0,1.0,1.0,,,,gemini-flash,gemini-flash|gpt-5-mini
1744_5,v2_no_gpt,gemini-flash|claude-haiku->gemini-flash,0.7615,0.8421,0.8018,0.8382,0.9932,0.625,supervisor_gemini-flash_[claude-haiku_gemini-flash],0.7941,0.4904,1.0,0.8382,0.9932,0.625,,,,gemini-flash,gemini-flash|claude-haiku
1744_5,v2_full,gemini-flash|gpt-5-mini|claude-haiku->gemini-flash,0.7615,0.8013,0.7814,0.8235,0.9652,0.5,supervisor_gemini-flash_[claude-haiku_gemini-flash_gpt-5-mini],0.7941,0.4904,1.0,0.8235,0.9652,0.5,,,,gemini-flash,gemini-flash|gpt-5-mini|claude-haiku
1744_5,v2_no_gemini,gpt-5-mini|claude-haiku->gemini-flash,0.8301,0.8384,0.8342,0.8824,0.9908,0.5,supervisor_gemini-flash_[claude-haiku_gpt-5-mini],0.8235,0.6667,1.0,0.8824,0.9908,0.5,,,,gemini-flash,gpt-5-mini|claude-haiku
1744_5,v2_no_claude,gemini-flash|gpt-5-mini->gemini-flash,0.7615,0.7766,0.7691,0.8235,0.9662,0.375,supervisor_gemini-flash_[gemini-flash_gpt-5-mini],0.7941,0.4904,1.0,0.8235,0.9662,0.375,,,,gemini-flash,gemini-flash|gpt-5-mini
1753_4,v2_no_gpt,gemini-flash|claude-haiku->gemini-flash,0.6535,0.5294,0.5915,0.4167,0.9368,0.2,supervisor_gemini-flash_[claude-haiku_gemini-flash],0.6316,0.329,1.0,0.4167,0.9368,0.2,,,,gemini-flash,gemini-flash|claude-haiku
1753_4,v2_full,gemini-flash|gpt-5-mini|claude-haiku->gemini-flash,0.6535,0.5572,0.6054,0.4722,0.937,0.2,supervisor_gemini-flash_[claude-haiku_gemini-flash_gpt-5-mini],0.6316,0.329,1.0,0.4722,0.937,0.2,,,,gemini-flash,gemini-flash|gpt-5-mini|claude-haiku
1753_4,v2_no_gemini,gpt-5-mini|claude-haiku->gemini-flash,0.7401,0.5474,0.6438,0.5278,0.9449,0.0,supervisor_gemini-flash_[claude-haiku_gpt-5-mini],0.6316,0.5887,1.0,0.5278,0.9449,0.0,,,,gemini-flash,gpt-5-mini|claude-haiku
1753_4,v2_no_claude,gemini-flash|gpt-5-mini->gemini-flash,0.6535,0.5572,0.6054,0.4722,0.937,0.2,supervisor_gemini-flash_[gemini-flash_gpt-5-mini],0.6316,0.329,1.0,0.4722,0.937,0.2,,,,gemini-flash,gemini-flash|gpt-5-mini
1759-1760_3,v2_no_gpt,gemini-flash|claude-haiku->gemini-flash,1.0,0.7572,0.8786,0.9259,0.9808,0.0,supervisor_gemini-flash_[claude-haiku_gemini-flash],1.0,1.0,1.0,0.9259,0.9808,0.0,,,,gemini-flash,gemini-flash|claude-haiku
1759-1760_3,v2_full,gemini-flash|gpt-5-mini|claude-haiku->gemini-flash,1.0,0.7163,0.8581,0.8519,0.9678,0.0,supervisor_gemini-flash_[claude-haiku_gemini-flash_gpt-5-mini],1.0,1.0,1.0,0.8519,0.9678,0.0,,,,gemini-flash,gemini-flash|gpt-5-mini|claude-haiku
1759-1760_3,v2_no_gemini,gpt-5-mini|claude-haiku->gemini-flash,0.8848,0.7368,0.8108,0.8889,0.9744,0.0,supervisor_gemini-flash_[claude-haiku_gpt-5-mini],1.0,0.6543,1.0,0.8889,0.9744,0.0,,,,gemini-flash,gpt-5-mini|claude-haiku
1759-1760_3,v2_no_claude,gemini-flash|gpt-5-mini->gemini-flash,1.0,0.7759,0.888,0.963,0.9815,0.0,supervisor_gemini-flash_[gemini-flash_gpt-5-mini],1.0,1.0,1.0,0.963,0.9815,0.0,,,,gemini-flash,gemini-flash|gpt-5-mini
1767_7,v2_no_gpt,gemini-flash|claude-haiku->gemini-flash,0.6667,0.8944,0.7805,0.8621,0.9732,0.8571,supervisor_gemini-flash_[claude-haiku_gemini-flash],1.0,1.0,0.0,0.8621,0.9732,0.8571,,,,gemini-flash,gemini-flash|claude-haiku
1767_7,v2_full,gemini-flash|gpt-5-mini|claude-haiku->gemini-flash,0.6667,0.894,0.7803,0.8621,0.9717,0.8571,supervisor_gemini-flash_[claude-haiku_gemini-flash_gpt-5-mini],1.0,1.0,0.0,0.8621,0.9717,0.8571,,,,gemini-flash,gemini-flash|gpt-5-mini|claude-haiku
1767_7,v2_no_gemini,gpt-5-mini|claude-haiku->gemini-flash,0.6667,0.8445,0.7556,0.8621,0.9972,0.5714,supervisor_gemini-flash_[claude-haiku_gpt-5-mini],1.0,1.0,0.0,0.8621,0.9972,0.5714,,,,gemini-flash,gpt-5-mini|claude-haiku
1767_7,v2_no_claude,gemini-flash|gpt-5-mini->gemini-flash,0.6667,0.8944,0.7805,0.8621,0.9732,0.8571,supervisor_gemini-flash_[gemini-flash_gpt-5-mini],1.0,1.0,0.0,0.8621,0.9732,0.8571,,,,gemini-flash,gemini-flash|gpt-5-mini
1774-1775_5,v2_no_gpt,gemini-flash|claude-haiku->gemini-flash,0.9222,0.8831,0.9026,0.85,0.9938,0.8,supervisor_gemini-flash_[claude-haiku_gemini-flash],1.0,0.7667,1.0,0.85,0.9938,0.8,,,,gemini-flash,gemini-flash|claude-haiku
1774-1775_5,v2_full,gemini-flash|gpt-5-mini|claude-haiku->gemini-flash,1.0,0.8814,0.9407,0.85,0.988,0.8,supervisor_gemini-flash_[claude-haiku_gemini-flash_gpt-5-mini],1.0,1.0,1.0,0.85,0.988,0.8,,,,gemini-flash,gemini-flash|gpt-5-mini|claude-haiku
1774-1775_5,v2_no_gemini,gpt-5-mini|claude-haiku->gemini-flash,0.9293,0.8294,0.8794,0.9,0.9981,0.4,supervisor_gemini-flash_[claude-haiku_gpt-5-mini],0.9545,0.8333,1.0,0.9,0.9981,0.4,,,,gemini-flash,gpt-5-mini|claude-haiku
1774-1775_5,v2_no_claude,gemini-flash|gpt-5-mini->gemini-flash,0.9293,0.9348,0.9321,0.95,0.9994,0.8,supervisor_gemini-flash_[gemini-flash_gpt-5-mini],0.9545,0.8333,1.0,0.95,0.9994,0.8,,,,gemini-flash,gemini-flash|gpt-5-mini
1783-1784_2,v2_no_gpt,gemini-flash|claude-haiku->gemini-flash,0.7414,0.854,0.7977,0.7368,0.952,1.0,supervisor_gemini-flash_[claude-haiku_gemini-flash],0.8636,0.7606,0.6,0.7368,0.952,1.0,,,,gemini-flash,gemini-flash|claude-haiku
1783-1784_2,v2_full,gemini-flash|gpt-5-mini|claude-haiku->gemini-flash,0.7414,0.8408,0.7911,0.7105,0.9519,1.0,supervisor_gemini-flash_[claude-haiku_gemini-flash_gpt-5-mini],0.8636,0.7606,0.6,0.7105,0.9519,1.0,,,,gemini-flash,gemini-flash|gpt-5-mini|claude-haiku
1783-1784_2,v2_no_gemini,gpt-5-mini|claude-haiku->gemini-flash,0.7086,0.8402,0.7744,0.7105,0.9499,1.0,supervisor_gemini-flash_[claude-haiku_gpt-5-mini],0.7955,0.7303,0.6,0.7105,0.9499,1.0,,,,gemini-flash,gpt-5-mini|claude-haiku
1783-1784_2,v2_no_claude,gemini-flash|gpt-5-mini->gemini-flash,0.7414,0.8408,0.7911,0.7105,0.9519,1.0,supervisor_gemini-flash_[gemini-flash_gpt-5-mini],0.8636,0.7606,0.6,0.7105,0.9519,1.0,,,,gemini-flash,gemini-flash|gpt-5-mini
1788-1789_3,v2_no_gpt,gemini-flash|claude-haiku->gemini-flash,0.8399,0.95,0.8949,1.0,1.0,0.75,supervisor_gemini-flash_[claude-haiku_gemini-flash],0.9643,0.8889,0.6667,1.0,1.0,0.75,,,,gemini-flash,gemini-flash|claude-haiku
1788-1789_3,v2_full,gemini-flash|gpt-5-mini|claude-haiku->gemini-flash,0.8399,0.95,0.8949,1.0,1.0,0.75,supervisor_gemini-flash_[claude-haiku_gemini-flash_gpt-5-mini],0.9643,0.8889,0.6667,1.0,1.0,0.75,,,,gemini-flash,gemini-flash|gpt-5-mini|claude-haiku
1788-1789_3,v2_no_gemini,gpt-5-mini|claude-haiku->gemini-flash,1.0,1.0,1.0,1.0,1.0,1.0,supervisor_gemini-flash_[claude-haiku_gpt-5-mini],1.0,1.0,1.0,1.0,1.0,1.0,,,,gemini-flash,gpt-5-mini|claude-haiku
1788-1789_3,v2_no_claude,gemini-flash|gpt-5-mini->gemini-flash,0.8399,0.95,0.8949,1.0,1.0,0.75,supervisor_gemini-flash_[gemini-flash_gpt-5-mini],0.9643,0.8889,0.6667,1.0,1.0,0.75,,,,gemini-flash,gemini-flash|gpt-5-mini
1795-1796_1,v2_no_gpt,gemini-flash|claude-haiku->gemini-flash,0.7654,0.9333,0.8494,1.0,1.0,0.6667,supervisor_gemini-flash_[claude-haiku_gemini-flash],0.963,0.8333,0.5,1.0,1.0,0.6667,,,,gemini-flash,gemini-flash|claude-haiku
1795-1796_1,v2_full,gemini-flash|gpt-5-mini|claude-haiku->gemini-flash,0.705,0.9211,0.8131,0.86,0.9703,1.0,supervisor_gemini-flash_[claude-haiku_gemini-flash_gpt-5-mini],0.963,0.6522,0.5,0.86,0.9703,1.0,,,,gemini-flash,gemini-flash|gpt-5-mini|claude-haiku
1795-1796_1,v2_no_gemini,gpt-5-mini|claude-haiku->gemini-flash,0.9828,0.9434,0.9631,0.9,0.9779,1.0,supervisor_gemini-flash_[claude-haiku_gpt-5-mini],0.963,0.9855,1.0,0.9,0.9779,1.0,,,,gemini-flash,gpt-5-mini|claude-haiku
1795-1796_1,v2_no_claude,gemini-flash|gpt-5-mini->gemini-flash,0.7729,0.964,0.8684,0.94,0.98,1.0,supervisor_gemini-flash_[gemini-flash_gpt-5-mini],1.0,0.8188,0.5,0.94,0.98,1.0,,,,gemini-flash,gemini-flash|gpt-5-mini
1801_1,v2_no_gpt,gemini-flash|claude-haiku->gemini-flash,1.0,0.9818,0.9909,1.0,1.0,0.9091,supervisor_gemini-flash_[claude-haiku_gemini-flash],1.0,1.0,1.0,1.0,1.0,0.9091,,,,gemini-flash,gemini-flash|claude-haiku
1801_1,v2_full,gemini-flash|gpt-5-mini|claude-haiku->gemini-flash,1.0,0.9818,0.9909,1.0,1.0,0.9091,supervisor_gemini-flash_[claude-haiku_gemini-flash_gpt-5-mini],1.0,1.0,1.0,1.0,1.0,0.9091,,,,gemini-flash,gemini-flash|gpt-5-mini|claude-haiku
1801_1,v2_no_gemini,gpt-5-mini|claude-haiku->gemini-flash,1.0,0.9818,0.9909,1.0,1.0,0.9091,supervisor_gemini-flash_[claude-haiku_gpt-5-mini],1.0,1.0,1.0,1.0,1.0,0.9091,,,,gemini-flash,gpt-5-mini|claude-haiku
1801_1,v2_no_claude,gemini-flash|gpt-5-mini->gemini-flash,1.0,0.9818,0.9909,1.0,1.0,0.9091,supervisor_gemini-flash_[gemini-flash_gpt-5-mini],1.0,1.0,1.0,1.0,1.0,0.9091,,,,gemini-flash,gemini-flash|gpt-5-mini
1807_4,v2_no_gpt,gemini-flash|claude-haiku->gemini-flash,0.7475,0.9432,0.8454,0.8889,0.9957,1.0,supervisor_gemini-flash_[claude-haiku_gemini-flash],0.9091,0.8333,0.5,0.8889,0.9957,1.0,,,,gemini-flash,gemini-flash|claude-haiku
1807_4,v2_full,gemini-flash|gpt-5-mini|claude-haiku->gemini-flash,0.7619,0.8185,0.7902,0.6667,0.9506,1.0,supervisor_gemini-flash_[claude-haiku_gemini-flash_gpt-5-mini],1.0,0.7857,0.5,0.6667,0.9506,1.0,,,,gemini-flash,gemini-flash|gpt-5-mini|claude-haiku
1807_4,v2_no_gemini,gpt-5-mini|claude-haiku->gemini-flash,0.7013,0.8887,0.795,0.7778,0.9995,1.0,supervisor_gemini-flash_[claude-haiku_gpt-5-mini],0.8182,0.7857,0.5,0.7778,0.9995,1.0,,,,gemini-flash,gpt-5-mini|claude-haiku
1807_4,v2_no_claude,gemini-flash|gpt-5-mini->gemini-flash,0.7475,0.8875,0.8175,0.7778,0.9954,1.0,supervisor_gemini-flash_[gemini-flash_gpt-5-mini],0.9091,0.8333,0.5,0.7778,0.9954,1.0,,,,gemini-flash,gemini-flash|gpt-5-mini
1814_2,v2_no_gpt,gemini-flash|claude-haiku->gemini-flash,0.8541,0.8115,0.8328,0.6522,0.9513,1.0,supervisor_gemini-flash_[claude-haiku_gemini-flash],0.9412,0.9212,0.7,0.6522,0.9513,1.0,,,,gemini-flash,gemini-flash|claude-haiku
1814_2,v2_full,gemini-flash|gpt-5-mini|claude-haiku->gemini-flash,0.869,0.8115,0.8402,0.6522,0.9513,1.0,supervisor_gemini-flash_[claude-haiku_gemini-flash_gpt-5-mini],0.9706,0.9364,0.7,0.6522,0.9513,1.0,,,,gemini-flash,gemini-flash|gpt-5-mini|claude-haiku
1814_2,v2_no_gemini,gpt-5-mini|claude-haiku->gemini-flash,0.9023,0.8118,0.857,0.8261,0.996,0.5,supervisor_gemini-flash_[claude-haiku_gpt-5-mini],0.9706,0.9364,0.8,0.8261,0.996,0.5,,,,gemini-flash,gpt-5-mini|claude-haiku
1814_2,v2_no_claude,gemini-flash|gpt-5-mini->gemini-flash,0.8888,0.8115,0.8501,0.6522,0.9513,1.0,supervisor_gemini-flash_[gemini-flash_gpt-5-mini],0.9118,0.9545,0.8,0.6522,0.9513,1.0,,,,gemini-flash,gemini-flash|gpt-5-mini
1819_5,v2_no_gpt,gemini-flash|claude-haiku->gemini-flash,0.7278,0.8221,0.775,0.7778,0.9106,0.8,supervisor_gemini-flash_[claude-haiku_gemini-flash],0.9167,0.7667,0.5,0.7778,0.9106,0.8,,,,gemini-flash,gemini-flash|claude-haiku
1819_5,v2_full,gemini-flash|gpt-5-mini|claude-haiku->gemini-flash,0.9611,0.8221,0.8916,0.7778,0.9106,0.8,supervisor_gemini-flash_[claude-haiku_gemini-flash_gpt-5-mini],0.9167,0.9667,1.0,0.7778,0.9106,0.8,,,,gemini-flash,gemini-flash|gpt-5-mini|claude-haiku
1819_5,v2_no_gemini,gpt-5-mini|claude-haiku->gemini-flash,0.8333,0.8221,0.8277,0.7778,0.9106,0.8,supervisor_gemini-flash_[claude-haiku_gpt-5-mini],1.0,1.0,0.5,0.7778,0.9106,0.8,,,,gemini-flash,gpt-5-mini|claude-haiku
1819_5,v2_no_claude,gemini-flash|gpt-5-mini->gemini-flash,0.7944,0.8221,0.8083,0.7778,0.9106,0.8,supervisor_gemini-flash_[gemini-flash_gpt-5-mini],0.9167,0.9667,0.5,0.7778,0.9106,0.8,,,,gemini-flash,gemini-flash|gpt-5-mini
1825_10,v2_no_gpt,gemini-flash|claude-haiku->gemini-flash,1.0,0.8148,0.9074,0.7308,0.9794,0.7778,supervisor_gemini-flash_[claude-haiku_gemini-flash],1.0,1.0,1.0,0.7308,0.9794,0.7778,,,,gemini-flash,gemini-flash|claude-haiku
1825_10,v2_full,gemini-flash|gpt-5-mini|claude-haiku->gemini-flash,1.0,0.8563,0.9282,0.8077,0.9897,0.7778,supervisor_gemini-flash_[claude-haiku_gemini-flash_gpt-5-mini],1.0,1.0,1.0,0.8077,0.9897,0.7778,,,,gemini-flash,gemini-flash|gpt-5-mini|claude-haiku
1825_10,v2_no_gemini,gpt-5-mini|claude-haiku->gemini-flash,1.0,0.8065,0.9032,0.7308,0.952,0.7778,supervisor_gemini-flash_[claude-haiku_gpt-5-mini],1.0,1.0,1.0,0.7308,0.952,0.7778,,,,gemini-flash,gpt-5-mini|claude-haiku
1825_10,v2_no_claude,gemini-flash|gpt-5-mini->gemini-flash,1.0,0.8489,0.9244,0.8077,0.9649,0.7778,supervisor_gemini-flash_[gemini-flash_gpt-5-mini],1.0,1.0,1.0,0.8077,0.9649,0.7778,,,,gemini-flash,gemini-flash|gpt-5-mini
1831_10,v2_no_gpt,gemini-flash|claude-haiku->gemini-flash,0.8889,0.9244,0.9066,0.9167,0.998,0.8333,supervisor_gemini-flash_[claude-haiku_gemini-flash],1.0,1.0,0.6667,0.9167,0.998,0.8333,,,,gemini-flash,gemini-flash|claude-haiku
1831_10,v2_full,gemini-flash|gpt-5-mini|claude-haiku->gemini-flash,1.0,0.9455,0.9728,0.9583,0.9987,0.8333,supervisor_gemini-flash_[claude-haiku_gemini-flash_gpt-5-mini],1.0,1.0,1.0,0.9583,0.9987,0.8333,,,,gemini-flash,gemini-flash|gpt-5-mini|claude-haiku
1831_10,v2_no_gemini,gpt-5-mini|claude-haiku->gemini-flash,1.0,0.8492,0.9246,0.875,0.9835,0.5833,supervisor_gemini-flash_[claude-haiku_gpt-5-mini],1.0,1.0,1.0,0.875,0.9835,0.5833,,,,gemini-flash,gpt-5-mini|claude-haiku
1831_10,v2_no_claude,gemini-flash|gpt-5-mini->gemini-flash,1.0,0.8825,0.9412,0.875,0.9832,0.75,supervisor_gemini-flash_[gemini-flash_gpt-5-mini],1.0,1.0,1.0,0.875,0.9832,0.75,,,,gemini-flash,gemini-flash|gpt-5-mini
1838_9,v2_no_gpt,gemini-flash|claude-haiku->gemini-flash,0.8322,0.6937,0.763,0.5833,0.8958,0.6667,supervisor_gemini-flash_[claude-haiku_gemini-flash],0.8966,0.8,0.8,0.5833,0.8958,0.6667,,,,gemini-flash,gemini-flash|claude-haiku
1838_9,v2_full,gemini-flash|gpt-5-mini|claude-haiku->gemini-flash,0.8322,0.6992,0.7657,0.5833,0.9138,0.6667,supervisor_gemini-flash_[claude-haiku_gemini-flash_gpt-5-mini],0.8966,0.8,0.8,0.5833,0.9138,0.6667,,,,gemini-flash,gemini-flash|gpt-5-mini|claude-haiku
1838_9,v2_no_gemini,gpt-5-mini|claude-haiku->gemini-flash,0.8322,0.8068,0.8195,0.7917,0.9255,0.6667,supervisor_gemini-flash_[claude-haiku_gpt-5-mini],0.8966,0.8,0.8,0.7917,0.9255,0.6667,,,,gemini-flash,gpt-5-mini|claude-haiku
1838_9,v2_no_claude,gemini-flash|gpt-5-mini->gemini-flash,0.8322,0.7006,0.7664,0.5833,0.9187,0.6667,supervisor_gemini-flash_[gemini-flash_gpt-5-mini],0.8966,0.8,0.8,0.5833,0.9187,0.6667,,,,gemini-flash,gemini-flash|gpt-5-mini
1844_7,v2_no_gpt,gemini-flash|claude-haiku->gemini-flash,0.9333,0.8737,0.9035,0.9474,1.0,0.5,supervisor_gemini-flash_[claude-haiku_gemini-flash],1.0,1.0,0.8,0.9474,1.0,0.5,,,,gemini-flash,gemini-flash|claude-haiku
1844_7,v2_full,gemini-flash|gpt-5-mini|claude-haiku->gemini-flash,1.0,1.0,1.0,1.0,1.0,1.0,supervisor_gemini-flash_[claude-haiku_gemini-flash_gpt-5-mini],1.0,1.0,1.0,1.0,1.0,1.0,,,,gemini-flash,gemini-flash|gpt-5-mini|claude-haiku
1844_7,v2_no_gemini,gpt-5-mini|claude-haiku->gemini-flash,1.0,0.8053,0.9026,0.8421,0.9476,0.5,supervisor_gemini-flash_[claude-haiku_gpt-5-mini],1.0,1.0,1.0,0.8421,0.9476,0.5,,,,gemini-flash,gpt-5-mini|claude-haiku
1844_7,v2_no_claude,gemini-flash|gpt-5-mini->gemini-flash,0.9333,1.0,0.9667,1.0,1.0,1.0,supervisor_gemini-flash_[gemini-flash_gpt-5-mini],1.0,1.0,0.8,1.0,1.0,1.0,,,,gemini-flash,gemini-flash|gpt-5-mini
1850_4,v2_no_gpt,gemini-flash|claude-haiku->gemini-flash,0.5521,0.9687,0.7604,0.9394,0.9966,1.0,supervisor_gemini-flash_[claude-haiku_gemini-flash],1.0,0.6562,0.0,0.9394,0.9966,1.0,,,,gemini-flash,gemini-flash|claude-haiku
1850_4,v2_full,gemini-flash|gpt-5-mini|claude-haiku->gemini-flash,0.4444,0.9844,0.7144,0.9697,0.9986,1.0,supervisor_gemini-flash_[claude-haiku_gemini-flash_gpt-5-mini],1.0,0.3333,0.0,0.9697,0.9986,1.0,,,,gemini-flash,gemini-flash|gpt-5-mini|claude-haiku
1850_4,v2_no_gemini,gpt-5-mini|claude-haiku->gemini-flash,0.5521,0.9686,0.7604,0.9394,0.9964,1.0,supervisor_gemini-flash_[claude-haiku_gpt-5-mini],1.0,0.6562,0.0,0.9394,0.9964,1.0,,,,gemini-flash,gpt-5-mini|claude-haiku
1850_4,v2_no_claude,gemini-flash|gpt-5-mini->gemini-flash,0.5458,0.9844,0.7651,0.9697,0.9986,1.0,supervisor_gemini-flash_[gemini-flash_gpt-5-mini],0.9706,0.6667,0.0,0.9697,0.9986,1.0,,,,gemini-flash,gemini-flash|gpt-5-mini
1855_7,v2_no_gpt,gemini-flash|claude-haiku->gemini-flash,1.0,0.9589,0.9794,0.9412,0.9612,1.0,supervisor_gemini-flash_[claude-haiku_gemini-flash],1.0,1.0,1.0,0.9412,0.9612,1.0,,,,gemini-flash,gemini-flash|claude-haiku
1855_7,v2_full,gemini-flash|gpt-5-mini|claude-haiku->gemini-flash,1.0,0.9421,0.971,0.9118,0.9542,1.0,supervisor_gemini-flash_[claude-haiku_gemini-flash_gpt-5-mini],1.0,1.0,1.0,0.9118,0.9542,1.0,,,,gemini-flash,gemini-flash|gpt-5-mini|claude-haiku
1855_7,v2_no_gemini,gpt-5-mini|claude-haiku->gemini-flash,1.0,0.9485,0.9743,0.9118,0.9753,1.0,supervisor_gemini-flash_[claude-haiku_gpt-5-mini],1.0,1.0,1.0,0.9118,0.9753,1.0,,,,gemini-flash,gpt-5-mini|claude-haiku
1855_7,v2_no_claude,gemini-flash|gpt-5-mini->gemini-flash,1.0,0.9653,0.9827,0.9412,0.9822,1.0,supervisor_gemini-flash_[gemini-flash_gpt-5-mini],1.0,1.0,1.0,0.9412,0.9822,1.0,,,,gemini-flash,gemini-flash|gpt-5-mini
1860_1,v2_no_gpt,gemini-flash|claude-haiku->gemini-flash,0.8398,0.8785,0.8591,0.8095,0.9125,1.0,supervisor_gemini-flash_[claude-haiku_gemini-flash],0.7917,0.7278,1.0,0.8095,0.9125,1.0,,,,gemini-flash,gemini-flash|claude-haiku
1860_1,v2_full,gemini-flash|gpt-5-mini|claude-haiku->gemini-flash,0.6972,0.8624,0.7798,0.8095,0.8587,1.0,supervisor_gemini-flash_[claude-haiku_gemini-flash_gpt-5-mini],0.7917,0.6333,0.6667,0.8095,0.8587,1.0,,,,gemini-flash,gemini-flash|gpt-5-mini|claude-haiku
1860_1,v2_no_gemini,gpt-5-mini|claude-haiku->gemini-flash,1.0,0.9282,0.9641,0.8571,0.9989,1.0,supervisor_gemini-flash_[claude-haiku_gpt-5-mini],1.0,1.0,1.0,0.8571,0.9989,1.0,,,,gemini-flash,gpt-5-mini|claude-haiku
1860_1,v2_no_claude,gemini-flash|gpt-5-mini->gemini-flash,0.8593,0.8645,0.8619,0.8095,0.8659,1.0,supervisor_gemini-flash_[gemini-flash_gpt-5-mini],0.8333,0.7444,1.0,0.8095,0.8659,1.0,,,,gemini-flash,gemini-flash|gpt-5-mini
1865_3,v2_no_gpt,gemini-flash|claude-haiku->gemini-flash,0.5968,0.774,0.6854,0.5781,0.9496,1.0,supervisor_gemini-flash_[claude-haiku_gemini-flash],0.5,0.2903,1.0,0.5781,0.9496,1.0,,,,gemini-flash,gemini-flash|claude-haiku
1865_3,v2_full,gemini-flash|gpt-5-mini|claude-haiku->gemini-flash,0.587,0.774,0.6805,0.5781,0.9496,1.0,supervisor_gemini-flash_[claude-haiku_gemini-flash_gpt-5-mini],0.4706,0.2903,1.0,0.5781,0.9496,1.0,,,,gemini-flash,gemini-flash|gpt-5-mini|claude-haiku
1865_3,v2_no_gemini,gpt-5-mini|claude-haiku->gemini-flash,0.8255,0.7899,0.8077,0.6094,0.9507,1.0,supervisor_gemini-flash_[claude-haiku_gpt-5-mini],0.8529,0.6237,1.0,0.6094,0.9507,1.0,,,,gemini-flash,gpt-5-mini|claude-haiku
1865_3,v2_no_claude,gemini-flash|gpt-5-mini->gemini-flash,0.8389,0.7705,0.8047,0.5781,0.9381,1.0,supervisor_gemini-flash_[gemini-flash_gpt-5-mini],0.8824,0.6344,1.0,0.5781,0.9381,1.0,,,,gemini-flash,gemini-flash|gpt-5-mini
1869_8,v2_no_gpt,gemini-flash|claude-haiku->gemini-flash,0.988,0.5414,0.7647,0.4143,0.8918,0.3333,supervisor_gemini-flash_[claude-haiku_gemini-flash],0.9737,0.9902,1.0,0.4143,0.8918,0.3333,,,,gemini-flash,gemini-flash|claude-haiku
1869_8,v2_full,gemini-flash|gpt-5-mini|claude-haiku->gemini-flash,0.9412,0.6878,0.8145,0.5571,0.9197,0.6667,supervisor_gemini-flash_[claude-haiku_gemini-flash_gpt-5-mini],1.0,0.8235,1.0,0.5571,0.9197,0.6667,,,,gemini-flash,gemini-flash|gpt-5-mini|claude-haiku
1869_8,v2_no_gemini,gpt-5-mini|claude-haiku->gemini-flash,0.8889,0.7574,0.8232,0.6857,0.9375,0.6667,supervisor_gemini-flash_[claude-haiku_gpt-5-mini],1.0,0.6667,1.0,0.6857,0.9375,0.6667,,,,gemini-flash,gpt-5-mini|claude-haiku
1869_8,v2_no_claude,gemini-flash|gpt-5-mini->gemini-flash,0.9412,0.6228,0.782,0.4429,0.8934,0.6667,supervisor_gemini-flash_[gemini-flash_gpt-5-mini],1.0,0.8235,1.0,0.4429,0.8934,0.6667,,,,gemini-flash,gemini-flash|gpt-5-mini
1873_5,v2_no_gpt,gemini-flash|claude-haiku->gemini-flash,0.6518,0.7015,0.6766,0.6571,0.9099,0.5,supervisor_gemini-flash_[claude-haiku_gemini-flash],0.975,0.7804,0.2,0.6571,0.9099,0.5,,,,gemini-flash,gemini-flash|claude-haiku
1873_5,v2_full,gemini-flash|gpt-5-mini|claude-haiku->gemini-flash,0.5629,0.6944,0.6286,0.6429,0.9099,0.5,supervisor_gemini-flash_[claude-haiku_gemini-flash_gpt-5-mini],0.975,0.5137,0.2,0.6429,0.9099,0.5,,,,gemini-flash,gemini-flash|gpt-5-mini|claude-haiku
1873_5,v2_no_gemini,gpt-5-mini|claude-haiku->gemini-flash,0.6634,0.6873,0.6754,0.6143,0.9339,0.5,supervisor_gemini-flash_[claude-haiku_gpt-5-mini],1.0,0.5902,0.4,0.6143,0.9339,0.5,,,,gemini-flash,gpt-5-mini|claude-haiku
1873_5,v2_no_claude,gemini-flash|gpt-5-mini->gemini-flash,0.5523,0.6945,0.6234,0.6429,0.9103,0.5,supervisor_gemini-flash_[gemini-flash_gpt-5-mini],1.0,0.4569,0.2,0.6429,0.9103,0.5,,,,gemini-flash,gemini-flash|gpt-5-mini
1881_1,v2_no_gpt,gemini-flash|claude-haiku->gemini-flash,0.6124,0.5568,0.5846,0.5833,0.8838,0.0,supervisor_gemini-flash_[claude-haiku_gemini-flash],0.931,0.7061,0.2,0.5833,0.8838,0.0,,,,gemini-flash,gemini-flash|claude-haiku
1881_1,v2_full,gemini-flash|gpt-5-mini|claude-haiku->gemini-flash,0.6672,0.7986,0.7329,0.6667,0.8841,1.0,supervisor_gemini-flash_[claude-haiku_gemini-flash_gpt-5-mini],0.8621,0.9394,0.2,0.6667,0.8841,1.0,,,,gemini-flash,gemini-flash|gpt-5-mini|claude-haiku
1881_1,v2_no_gemini,gpt-5-mini|claude-haiku->gemini-flash,0.6672,0.7587,0.7129,0.75,0.9455,0.5,supervisor_gemini-flash_[claude-haiku_gpt-5-mini],0.8621,0.9394,0.2,0.75,0.9455,0.5,,,,gemini-flash,gpt-5-mini|claude-haiku
1881_1,v2_no_claude,gemini-flash|gpt-5-mini->gemini-flash,0.6672,0.6568,0.662,0.5833,0.8839,0.5,supervisor_gemini-flash_[gemini-flash_gpt-5-mini],0.8621,0.9394,0.2,0.5833,0.8839,0.5,,,,gemini-flash,gemini-flash|gpt-5-mini
1889_4,v2_no_gpt,gemini-flash|claude-haiku->gemini-flash,0.7976,0.9326,0.8651,0.8673,0.9965,1.0,supervisor_gemini-flash_[claude-haiku_gemini-flash],0.9828,0.5528,0.8571,0.8673,0.9965,1.0,,,,gemini-flash,gemini-flash|claude-haiku
1889_4,v2_full,gemini-flash|gpt-5-mini|claude-haiku->gemini-flash,0.8668,0.9336,0.9002,0.8673,0.9999,1.0,supervisor_gemini-flash_[claude-haiku_gemini-flash_gpt-5-mini],1.0,0.6004,1.0,0.8673,0.9999,1.0,,,,gemini-flash,gemini-flash|gpt-5-mini|claude-haiku
1889_4,v2_no_gemini,gpt-5-mini|claude-haiku->gemini-flash,0.9258,0.885,0.9054,0.7857,0.9739,1.0,supervisor_gemini-flash_[claude-haiku_gpt-5-mini],0.9483,0.8291,1.0,0.7857,0.9739,1.0,,,,gemini-flash,gpt-5-mini|claude-haiku
1889_4,v2_no_claude,gemini-flash|gpt-5-mini->gemini-flash,0.9758,0.9683,0.9721,0.9388,0.9965,1.0,supervisor_gemini-flash_[gemini-flash_gpt-5-mini],1.0,0.9274,1.0,0.9388,0.9965,1.0,,,,gemini-flash,gemini-flash|gpt-5-mini
1895_2,v2_no_gpt,gemini-flash|claude-haiku->gemini-flash,0.8981,0.9557,0.9269,0.9167,0.9912,1.0,supervisor_gemini-flash_[claude-haiku_gemini-flash],1.0,0.8611,0.8333,0.9167,0.9912,1.0,,,,gemini-flash,gemini-flash|claude-haiku
1895_2,v2_full,gemini-flash|gpt-5-mini|claude-haiku->gemini-flash,0.8568,0.9724,0.9146,0.95,0.9912,1.0,supervisor_gemini-flash_[claude-haiku_gemini-flash_gpt-5-mini],0.9444,0.7927,0.8333,0.95,0.9912,1.0,,,,gemini-flash,gemini-flash|gpt-5-mini|claude-haiku
1895_2,v2_no_gemini,gpt-5-mini|claude-haiku->gemini-flash,0.8846,0.9917,0.9382,0.9833,1.0,1.0,supervisor_gemini-flash_[claude-haiku_gpt-5-mini],0.9722,0.8483,0.8333,0.9833,1.0,1.0,,,,gemini-flash,gpt-5-mini|claude-haiku
1895_2,v2_no_claude,gemini-flash|gpt-5-mini->gemini-flash,0.8846,0.9557,0.9202,0.9167,0.9912,1.0,supervisor_gemini-flash_[gemini-flash_gpt-5-mini],0.9722,0.8483,0.8333,0.9167,0.9912,1.0,,,,gemini-flash,gemini-flash|gpt-5-mini
1900_6,v2_no_gpt,gemini-flash|claude-haiku->gemini-flash,0.5167,0.8738,0.6953,0.7647,0.9714,1.0,supervisor_gemini-flash_[claude-haiku_gemini-flash],0.55,0.6667,0.3333,0.7647,0.9714,1.0,,,,gemini-flash,gemini-flash|claude-haiku
1900_6,v2_full,gemini-flash|gpt-5-mini|claude-haiku->gemini-flash,0.5,0.8738,0.6869,0.7647,0.9714,1.0,supervisor_gemini-flash_[claude-haiku_gemini-flash_gpt-5-mini],0.5,0.6667,0.3333,0.7647,0.9714,1.0,,,,gemini-flash,gemini-flash|gpt-5-mini|claude-haiku
1900_6,v2_no_gemini,gpt-5-mini|claude-haiku->gemini-flash,0.55,0.9705,0.7603,0.9412,0.9996,1.0,supervisor_gemini-flash_[claude-haiku_gpt-5-mini],0.65,0.6667,0.3333,0.9412,0.9996,1.0,,,,gemini-flash,gpt-5-mini|claude-haiku
1900_6,v2_no_claude,gemini-flash|gpt-5-mini->gemini-flash,0.5,0.8738,0.6869,0.7647,0.9714,1.0,supervisor_gemini-flash_[gemini-flash_gpt-5-mini],0.5,0.6667,0.3333,0.7647,0.9714,1.0,,,,gemini-flash,gemini-flash|gpt-5-mini
1700_7,v3_optimizer,optimized->gpt-5-mini|claude-haiku->gemini-flash,0.644,0.5267,0.5854,0.5185,0.8914,0.0,supervisor_gemini-flash_[claude-haiku_gpt-5-mini],0.95,0.982,0.0,0.5185,0.8914,0.0,,,,gemini-flash,gpt-5-mini|claude-haiku
1700_7,v3_optimizer,optimized->gemini-flash|gpt-5-mini->gemini-flash,0.5132,0.7477,0.6304,0.7407,0.972,0.4286,supervisor_gemini-flash_[gemini-flash_gpt-5-mini],0.9,0.6396,0.0,0.7407,0.972,0.4286,,,,gemini-flash,gemini-flash|gpt-5-mini
1704_1,v3_optimizer,optimized->gpt-5-mini|claude-haiku->gemini-flash,0.5355,0.8318,0.6836,0.9444,0.9763,0.3333,supervisor_gemini-flash_[claude-haiku_gpt-5-mini],0.9655,0.641,0.0,0.9444,0.9763,0.3333,,,,gemini-flash,gpt-5-mini|claude-haiku
1704_1,v3_optimizer,optimized->gemini-flash|gpt-5-mini->gemini-flash,0.5355,0.8318,0.6836,0.9444,0.9763,0.3333,supervisor_gemini-flash_[gemini-flash_gpt-5-mini],0.9655,0.641,0.0,0.9444,0.9763,0.3333,,,,gemini-flash,gemini-flash|gpt-5-mini
1709_1,v3_optimizer,optimized->gemini-flash|gpt-5-mini->gemini-flash,0.5195,0.8019,0.6607,0.8333,0.9878,0.4444,supervisor_gemini-flash_[gemini-flash_gpt-5-mini],0.8919,0.6667,0.0,0.8333,0.9878,0.4444,,,,gemini-flash,gemini-flash|gpt-5-mini
1713_7,v3_optimizer,optimized->gemini-flash|gpt-5-mini->gemini-flash,0.8853,0.9222,0.9038,0.9667,0.9962,0.7,supervisor_gemini-flash_[gemini-flash_gpt-5-mini],1.0,0.6559,1.0,0.9667,0.9962,0.7,,,,gemini-flash,gemini-flash|gpt-5-mini
1719_2,v3_optimizer,optimized->gemini-flash|gpt-5-mini->gemini-flash,0.8731,0.7335,0.8033,0.7,0.9451,0.5,supervisor_gemini-flash_[gemini-flash_gpt-5-mini],0.9722,0.6471,1.0,0.7,0.9451,0.5,,,,gemini-flash,gemini-flash|gpt-5-mini
1725_3,v3_optimizer,optimized->gemini-flash|gpt-5-mini->gemini-flash,0.6843,1.0,0.8421,1.0,1.0,1.0,supervisor_gemini-flash_[gemini-flash_gpt-5-mini],0.75,0.303,1.0,1.0,1.0,1.0,,,,gemini-flash,gemini-flash|gpt-5-mini
1731_1,v3_optimizer,optimized->gemini-flash|gpt-5-mini->gemini-flash,0.7639,1.0,0.882,1.0,1.0,1.0,supervisor_gemini-flash_[gemini-flash_gpt-5-mini],0.9583,0.8333,0.5,1.0,1.0,1.0,,,,gemini-flash,gemini-flash|gpt-5-mini
1744_5,v3_optimizer,optimized->gemini-flash|gpt-5-mini->gemini-flash,0.9155,0.8355,0.8755,0.8235,0.9959,0.625,supervisor_gemini-flash_[gemini-flash_gpt-5-mini],0.8235,0.9231,1.0,0.8235,0.9959,0.625,,,,gemini-flash,gemini-flash|gpt-5-mini
1753_4,v3_optimizer,optimized->gemini-flash|gpt-5-mini->gemini-flash,0.9406,0.5584,0.7495,0.4722,0.9411,0.2,supervisor_gemini-flash_[gemini-flash_gpt-5-mini],0.9474,0.8745,1.0,0.4722,0.9411,0.2,,,,gemini-flash,gemini-flash|gpt-5-mini
1759-1760_3,v3_optimizer,optimized->gemini-flash|gpt-5-mini->gemini-flash,1.0,0.7146,0.8573,0.8519,0.9621,0.0,supervisor_gemini-flash_[gemini-flash_gpt-5-mini],1.0,1.0,1.0,0.8519,0.9621,0.0,,,,gemini-flash,gemini-flash|gpt-5-mini
1767_7,v3_optimizer,optimized->gemini-flash|gpt-5-mini->gemini-flash,0.6667,0.8751,0.7709,0.8966,0.9465,0.7143,supervisor_gemini-flash_[gemini-flash_gpt-5-mini],1.0,1.0,0.0,0.8966,0.9465,0.7143,,,,gemini-flash,gemini-flash|gpt-5-mini
1774-1775_5,v3_optimizer,optimized->gemini-flash|gpt-5-mini->gemini-flash,0.9293,0.8948,0.9121,0.95,0.9994,0.6,supervisor_gemini-flash_[gemini-flash_gpt-5-mini],0.9545,0.8333,1.0,0.95,0.9994,0.6,,,,gemini-flash,gemini-flash|gpt-5-mini
1783-1784_2,v3_optimizer,optimized->gemini-flash|gpt-5-mini->gemini-flash,0.7305,0.8464,0.7885,0.7237,0.9485,1.0,supervisor_gemini-flash_[gemini-flash_gpt-5-mini],0.7955,0.796,0.6,0.7237,0.9485,1.0,,,,gemini-flash,gemini-flash|gpt-5-mini
1788-1789_3,v3_optimizer,optimized->gemini-flash|gpt-5-mini->gemini-flash,0.8399,0.95,0.8949,1.0,1.0,0.75,supervisor_gemini-flash_[gemini-flash_gpt-5-mini],0.9643,0.8889,0.6667,1.0,1.0,0.75,,,,gemini-flash,gemini-flash|gpt-5-mini
1795-1796_1,v3_optimizer,optimized->gemini-flash|gpt-5-mini->gemini-flash,0.7729,0.8951,0.834,0.82,0.9503,1.0,supervisor_gemini-flash_[gemini-flash_gpt-5-mini],1.0,0.8188,0.5,0.82,0.9503,1.0,,,,gemini-flash,gemini-flash|gpt-5-mini
1801_1,v3_optimizer,optimized->gemini-flash|gpt-5-mini->gemini-flash,1.0,0.9818,0.9909,1.0,1.0,0.9091,supervisor_gemini-flash_[gemini-flash_gpt-5-mini],1.0,1.0,1.0,1.0,1.0,0.9091,,,,gemini-flash,gemini-flash|gpt-5-mini
1807_4,v3_optimizer,optimized->gemini-flash|gpt-5-mini->gemini-flash,0.3629,0.6809,0.5219,0.5,0.7695,1.0,supervisor_gemini-flash_[gemini-flash_gpt-5-mini],0.6364,0.4524,0.0,0.5,0.7695,1.0,,,,gemini-flash,gemini-flash|gpt-5-mini
1814_2,v3_optimizer,optimized->gemini-flash|gpt-5-mini->gemini-flash,0.8791,0.7649,0.822,0.7391,0.9845,0.5,supervisor_gemini-flash_[gemini-flash_gpt-5-mini],0.9706,0.9667,0.7,0.7391,0.9845,0.5,,,,gemini-flash,gemini-flash|gpt-5-mini
1819_5,v3_optimizer,optimized->gemini-flash|gpt-5-mini->gemini-flash,0.7667,0.8221,0.7944,0.7778,0.9106,0.8,supervisor_gemini-flash_[gemini-flash_gpt-5-mini],1.0,0.8,0.5,0.7778,0.9106,0.8,,,,gemini-flash,gemini-flash|gpt-5-mini
1825_10,v3_optimizer,optimized->gemini-flash|gpt-5-mini->gemini-flash,1.0,0.8568,0.9284,0.7692,0.9815,0.8889,supervisor_gemini-flash_[gemini-flash_gpt-5-mini],1.0,1.0,1.0,0.7692,0.9815,0.8889,,,,gemini-flash,gemini-flash|gpt-5-mini
1831_10,v3_optimizer,optimized->gemini-flash|gpt-5-mini->gemini-flash,0.8404,0.9036,0.872,0.875,0.998,0.8333,supervisor_gemini-flash_[gemini-flash_gpt-5-mini],0.9655,0.8889,0.6667,0.875,0.998,0.8333,,,,gemini-flash,gemini-flash|gpt-5-mini
1838_9,v3_optimizer,optimized->gemini-flash|gpt-5-mini->gemini-flash,0.8322,0.7763,0.8043,0.75,0.8931,0.6667,supervisor_gemini-flash_[gemini-flash_gpt-5-mini],0.8966,0.8,0.8,0.75,0.8931,0.6667,,,,gemini-flash,gemini-flash|gpt-5-mini
1844_7,v3_optimizer,optimized->gemini-flash|gpt-5-mini->gemini-flash,0.8622,0.7406,0.8014,0.5789,0.8371,1.0,supervisor_gemini-flash_[gemini-flash_gpt-5-mini],0.92,0.8667,0.8,0.5789,0.8371,1.0,,,,gemini-flash,gemini-flash|gpt-5-mini
1850_4,v3_optimizer,optimized->gemini-flash|gpt-5-mini->gemini-flash,0.6534,0.9844,0.8189,0.9697,0.9986,1.0,supervisor_gemini-flash_[gemini-flash_gpt-5-mini],0.9706,0.9896,0.0,0.9697,0.9986,1.0,,,,gemini-flash,gemini-flash|gpt-5-mini
1855_7,v3_optimizer,optimized->gemini-flash|gpt-5-mini->gemini-flash,1.0,0.9286,0.9643,0.8824,0.9579,1.0,supervisor_gemini-flash_[gemini-flash_gpt-5-mini],1.0,1.0,1.0,0.8824,0.9579,1.0,,,,gemini-flash,gemini-flash|gpt-5-mini
1860_1,v3_optimizer,optimized->gemini-flash|gpt-5-mini->gemini-flash,0.787,0.8178,0.8024,0.7143,0.8689,1.0,supervisor_gemini-flash_[gemini-flash_gpt-5-mini],0.9167,0.7778,0.6667,0.7143,0.8689,1.0,,,,gemini-flash,gemini-flash|gpt-5-mini
1865_3,v3_optimizer,optimized->gemini-flash|gpt-5-mini->gemini-flash,0.6556,0.7242,0.6899,0.4844,0.9402,1.0,supervisor_gemini-flash_[gemini-flash_gpt-5-mini],0.6765,0.2903,1.0,0.4844,0.9402,1.0,,,,gemini-flash,gemini-flash|gpt-5-mini
1869_8,v3_optimizer,optimized->gemini-flash|gpt-5-mini->gemini-flash,0.8125,0.764,0.7883,0.7,0.9357,0.6667,supervisor_gemini-flash_[gemini-flash_gpt-5-mini],0.9474,0.4902,1.0,0.7,0.9357,0.6667,,,,gemini-flash,gemini-flash|gpt-5-mini
1873_5,v3_optimizer,optimized->gemini-flash|gpt-5-mini->gemini-flash,0.7629,0.7376,0.7503,0.6857,0.9824,0.5,supervisor_gemini-flash_[gemini-flash_gpt-5-mini],0.975,0.9137,0.4,0.6857,0.9824,0.5,,,,gemini-flash,gemini-flash|gpt-5-mini
1881_1,v3_optimizer,optimized->gemini-flash|gpt-5-mini->gemini-flash,0.6124,0.5625,0.5875,0.5833,0.9027,0.0,supervisor_gemini-flash_[gemini-flash_gpt-5-mini],0.931,0.7061,0.2,0.5833,0.9027,0.0,,,,gemini-flash,gemini-flash|gpt-5-mini
1889_4,v3_optimizer,optimized->gemini-flash|gpt-5-mini->gemini-flash,0.8581,0.9157,0.8869,0.8469,0.974,1.0,supervisor_gemini-flash_[gemini-flash_gpt-5-mini],0.9483,0.6261,1.0,0.8469,0.974,1.0,,,,gemini-flash,gemini-flash|gpt-5-mini
1895_2,v3_optimizer,optimized->gemini-flash|gpt-5-mini->gemini-flash,0.8846,0.9297,0.9072,0.8833,0.96,1.0,supervisor_gemini-flash_[gemini-flash_gpt-5-mini],0.9722,0.8483,0.8333,0.8833,0.96,1.0,,,,gemini-flash,gemini-flash|gpt-5-mini
1900_6,v3_optimizer,optimized->gemini-flash|gpt-5-mini->gemini-flash,0.5852,0.8294,0.7073,0.6765,0.9705,1.0,supervisor_gemini-flash_[gemini-flash_gpt-5-mini],0.75,0.6722,0.3333,0.6765,0.9705,1.0,,,,gemini-flash,gemini-flash|gpt-5-mini
